Workbook

Sheet rio_doce_S1_RVI_seasonality_pro
B1: Seas. | C1: Start.t. | D1: End.t. | E1: Length | F1: Base.val. | G1: Peak.t. | H1: Peak.val. | I1: Ampl. | J1: L.deriv. | K1: R.deriv. | L1: L.integral | M1: S.integral | N1: Start.val. | O1: End.val. | P1: season_start_date | Q1: season_end_date | R1: peak_date | S1: length_days | T1: phase_peak | U1: season_half_date | V1: phase_seas | W1: season_ensemble_date | X1: phase_ensemble
T2: 278
T3: 284
T4: 279
T5: 274
T6: 281
A7: average | R7: =DATE(2001, 1, T7) -> 37170 | T7: =AVERAGE(T2:T6) -> 279.2 | U7: =DATE(2001, 1, V7) -> #DIV/0! | V7: =AVERAGE(V2:V6) -> #DIV/0! | W7: =DATE(2001, 1, X7) -> #DIV/0! | X7: =AVERAGE(X2:X6) -> #DIV/0!
A8: SD | T8: =STDEV(T2:T6) -> 3.7013511 | V8: =STDEV(V2:V6) -> #DIV/0! | X8: =STDEV(X2:X6) -> #DIV/0!

Sheet sooretama_S1_RVI_seasonality_pr
B1: Seas. | C1: Start.t. | D1: End.t. | E1: Length | F1: Base.val. | G1: Peak.t. | H1: Peak.val. | I1: Ampl. | J1: L.deriv. | K1: R.deriv. | L1: L.integral | M1: S.integral | N1: Start.val. | O1: End.val. | P1: season_start_date | Q1: season_end_date | R1: peak_date | S1: length_days | T1: phase_peak | U1: season_half_date | V1: phase_seas | W1: season_ensemble_date | X1: phase_ensemble
T2: 273
T3: 267
T4: 274
T5: 281
T6: 276
R7: =DATE(2001, 1, T7) -> 37165 | T7: =AVERAGE(T2:T6) -> 274.2 | U7: =DATE(2001, 1, V7) -> #DIV/0! | V7: =AVERAGE(V2:V6) -> #DIV/0! | W7: =DATE(2001, 1, X7) -> #DIV/0! | X7: =AVERAGE(X2:X6) -> #DIV/0!
T8: =STDEV(T2:T6) -> 5.0695167 | V8: =STDEV(V2:V6) -> #DIV/0! | X8: =STDEV(X2:X6) -> #DIV/0!

Sheet diffs
A1: peak_date_diff | B1: length_days_diff | C1: phase_peak_diff | D1: season_half_date_diff | E1: phase_seas_diff | F1: season_ensemble_date_diff | G1: phase_ensemble_diff
C2: =ABS(sooretama_S1_RVI_seasonality_pr!T7-rio_doce_S1_RVI_seasonality_pro!T7) -> 5 | E2: =sooretama_S1_RVI_seasonality_pr!V7-rio_doce_S1_RVI_seasonality_pro!V7 -> #DIV/0! | G2: =sooretama_S1_RVI_seasonality_pr!X7-rio_doce_S1_RVI_seasonality_pro!X7 -> #DIV/0!
C3: =AVERAGE(rio_doce_S1_RVI_seasonality_pro!T8,sooretama_S1_RVI_seasonality_pr!T8) -> 4.3854339 | E3: =AVERAGE(rio_doce_S1_RVI_seasonality_pro!V8,sooretama_S1_RVI_seasonality_pr!V8) -> #DIV/0! | G3: =AVERAGE(rio_doce_S1_RVI_seasonality_pro!X8,sooretama_S1_RVI_seasonality_pr!X8) -> #DIV/0!
