Workbook

Sheet rio_doce_S2_EVI2_seasonality_pr
B1: Seas. | C1: Start.t. | D1: End.t. | E1: Length | F1: Base.val. | G1: Peak.t. | H1: Peak.val. | I1: Ampl. | J1: L.deriv. | K1: R.deriv. | L1: L.integral | M1: S.integral | N1: Start.val. | O1: End.val. | P1: season_start_date | Q1: season_end_date | R1: peak_date | S1: length_days | T1: phase_peak | U1: season_half_date | V1: phase_seas | W1: season_ensemble_date | X1: phase_ensemble
A2: 1 | B2: 1 | C2: 62.26 | D2: 97.73 | E2: 35.47 | F2: 0.3438 | G2: 74.25 | H2: 0.6049 | I2: 0.2611 | J2: 0.01252 | K2: 0.006246 | L2: 19.66 | M2: 6.936 | N2: 0.4702 | O2: 0.4722 | P2: 43780 | Q2: 43958 | R2: 43840 | S2: 177 | T2: 374 | U2: 43929 | V2: 463 | W2: 43884 | X2: 418
A3: 2 | B3: 2 | C3: 135.3 | D3: 170.7 | E3: 35.47 | F3: 0.3457 | G3: 147.2 | H3: 0.6077 | I3: 0.262 | J3: 0.01248 | K3: 0.006314 | L3: 19.74 | M3: 6.954 | N3: 0.4734 | O3: 0.4733 | P3: 44145 | Q3: 44323 | R3: 44205 | S3: 177 | T3: 373 | U3: 44294 | V3: 462 | W3: 44249 | X3: 417
I4: 0.26155
R7: =DATE(2001, 1, T7) -> 37264 | T7: =AVERAGE(T2:T6) -> 373.5 | U7: =DATE(2001, 1, V7) -> 37353 | V7: =AVERAGE(V2:V6) -> 462.5 | W7: =DATE(2001, 1, X7) -> 37308 | X7: =AVERAGE(X2:X6) -> 417.5
T8: =STDEV(T2:T6) -> 0.70710678 | V8: =STDEV(V2:V6) -> 0.70710678 | X8: =STDEV(X2:X6) -> 0.70710678

Sheet sooretama_S2_EVI2_seasonality_p
B1: Seas. | C1: Start.t. | D1: End.t. | E1: Length | F1: Base.val. | G1: Peak.t. | H1: Peak.val. | I1: Ampl. | J1: L.deriv. | K1: R.deriv. | L1: L.integral | M1: S.integral | N1: Start.val. | O1: End.val. | P1: season_start_date | Q1: season_end_date | R1: peak_date | S1: length_days | T1: phase_peak | U1: season_half_date | V1: phase_seas | W1: season_ensemble_date | X1: phase_ensemble
A2: 1 | B2: 1 | C2: 60.55 | D2: 100.4 | E2: 39.83 | F2: 0.3429 | G2: 78.5 | H2: 0.6053 | I2: 0.2624 | J2: 0.008038 | K2: 0.006096 | L2: 22.99 | M2: 8.585 | N2: 0.5089 | O2: 0.5076 | P2: 43772 | Q2: 43971 | R2: 43861 | S2: 199 | T2: 395 | U2: 43961 | V2: 495 | W2: 43911 | X2: 445
A3: 2 | B3: 2 | C3: 133.6 | D3: 173.4 | E3: 39.83 | F3: 0.3397 | G3: 151.5 | H3: 0.6007 | I3: 0.261 | J3: 0.007979 | K3: 0.006051 | L3: 22.79 | M3: 8.526 | N3: 0.5046 | O3: 0.5032 | P3: 44137 | Q3: 44336 | R3: 44227 | S3: 199 | T3: 395 | U3: 44327 | V3: 495 | W3: 44277 | X3: 445
R7: =DATE(2001, 1, T7) -> 37286 | T7: =AVERAGE(T2:T6) -> 395 | U7: =DATE(2001, 1, V7) -> 37386 | V7: =AVERAGE(V2:V6) -> 495 | W7: =DATE(2001, 1, X7) -> 37336 | X7: =AVERAGE(X2:X6) -> 445
T8: =STDEV(T2:T6) -> 0 | V8: =STDEV(V2:V6) -> 0 | X8: =STDEV(X2:X6) -> 0

Sheet diffs
A1: peak_date_diff | B1: length_days_diff | C1: phase_peak_diff | D1: season_half_date_diff | E1: phase_seas_diff | F1: season_ensemble_date_diff | G1: phase_ensemble_diff
C2: =ABS(rio_doce_S2_EVI2_seasonality_pr!T7-sooretama_S2_EVI2_seasonality_p!T7) -> 21.5 | E2: =ABS(rio_doce_S2_EVI2_seasonality_pr!V7-sooretama_S2_EVI2_seasonality_p!V7) -> 32.5 | G2: =ABS(rio_doce_S2_EVI2_seasonality_pr!X7-sooretama_S2_EVI2_seasonality_p!X7) -> 27.5
C3: =AVERAGE(rio_doce_S2_EVI2_seasonality_pr!T8,sooretama_S2_EVI2_seasonality_p!T8) -> 0.35355339 | E3: =AVERAGE(rio_doce_S2_EVI2_seasonality_pr!V8,sooretama_S2_EVI2_seasonality_p!V8) -> 0.35355339 | G3: =AVERAGE(rio_doce_S2_EVI2_seasonality_pr!X8,sooretama_S2_EVI2_seasonality_p!X8) -> 0.35355339
