Workbook

Sheet rio_doce_S1_RVI_seasonality_pro
B1: Seas. | C1: Start.t. | D1: End.t. | E1: Length | F1: Base.val. | G1: Peak.t. | H1: Peak.val. | I1: Ampl. | J1: L.deriv. | K1: R.deriv. | L1: L.integral | M1: S.integral | N1: Start.val. | O1: End.val. | P1: season_start_date | Q1: season_end_date | R1: peak_date | S1: length_days | T1: phase_peak | U1: season_half_date | V1: phase_seas | W1: season_ensemble_date | X1: phase_ensemble
A2: 1 | B2: 1 | C2: 20 | D2: 29.71 | E2: 9.713 | F2: 0.7265 | G2: 24.12 | H2: 0.8678 | I2: 0.1413 | J2: 0.03205 | K2: 0.0233 | L2: 9.864 | M2: 1.145 | N2: 0.776 | O2: 0.775 | P2: 16-9-6 | Q2: 17-1-1 | R2: 16-10-25 | S2: 117 | T2: 298 | U2: 16-11-3 | V2: 307 | W2: 16-9-10 | X2: 302.5
A3: 2 | B3: 2 | C3: 49.99 | D3: 59.7 | E3: 9.71 | F3: 0.7146 | G3: 54.11 | H3: 0.8569 | I3: 0.1422 | J3: 0.03351 | K3: 0.02215 | L3: 9.725 | M3: 1.149 | N3: 0.7661 | O3: 0.7613 | P3: 17-9-1 | Q3: 17-12-26 | R3: 17-10-20 | S3: 117 | T3: 292 | U3: 17-10-29 | V3: 301 | W3: 17-9-5 | X3: 296.5
A4: 3 | B4: 3 | C4: 80 | D4: 89.71 | E4: 9.715 | F4: 0.7007 | G4: 84.11 | H4: 0.8411 | I4: 0.1404 | J4: 0.03334 | K4: 0.02368 | L4: 9.54 | M4: 1.132 | N4: 0.7499 | O4: 0.7469 | P4: 18-8-27 | Q4: 18-12-22 | R4: 18-10-15 | S4: 117 | T4: 287 | U4: 18-10-24 | V4: 296 | W4: 18-8-31 | X4: 291.5
A5: 4 | B5: 4 | C5: 110 | D5: 119.7 | E5: 9.71 | F5: 0.6881 | G5: 114.1 | H5: 0.8316 | I5: 0.1436 | J5: 0.03282 | K5: 0.02026 | L5: 9.425 | M5: 1.168 | N5: 0.7403 | O5: 0.7372 | P5: 19-8-22 | Q5: 19-12-16 | R5: 19-10-10 | S5: 117 | T5: 282 | U5: 19-10-19 | V5: 291 | W5: 19-8-26 | X5: 286.5
A6: 5 | B6: 5 | C6: 140 | D6: 149.7 | E6: 9.723 | F6: 0.6784 | G6: 144.1 | H6: 0.8168 | I6: 0.1383 | J6: 0.03357 | K6: 0.02369 | L6: 9.253 | M6: 1.112 | N6: 0.7251 | O6: 0.7241 | P6: 20-8-16 | Q6: 20-12-10 | R6: 20-10-4 | S6: 117 | T6: 277 | U6: 20-10-13 | V6: 286 | W6: 20-8-20 | X6: 281.5
A7: average | R7: =DATE(2001, 1, T7) -> 37178 | T7: =AVERAGE(T2:T6) -> 287.2 | U7: =DATE(2001, 1, V7) -> 37187 | V7: =AVERAGE(V2:V6) -> 296.2 | W7: =DATE(2001, 1, X7) -> 37182 | X7: =AVERAGE(X2:X6) -> 291.7
A8: SD | T8: =STDEV(T2:T6) -> 8.228001 | V8: =STDEV(V2:V6) -> 8.228001 | X8: =STDEV(X2:X6) -> 8.228001

Sheet sooretama_S1_RVI_seasonality_pr
B1: Seas. | C1: Start.t. | D1: End.t. | E1: Length | F1: Base.val. | G1: Peak.t. | H1: Peak.val. | I1: Ampl. | J1: L.deriv. | K1: R.deriv. | L1: L.integral | M1: S.integral | N1: Start.val. | O1: End.val. | P1: season_start_date | Q1: season_end_date | R1: peak_date | S1: length_days | T1: phase_peak | U1: season_half_date | V1: phase_seas | W1: season_ensemble_date | X1: phase_ensemble
A2: 1 | B2: 1 | C2: 21.24 | D2: 34.54 | E2: 13.29 | F2: 0.7047 | G2: 25.53 | H2: 0.8362 | I2: 0.1315 | J2: 0.02114 | K2: 0.008154 | L2: 11.75 | M2: 1.183 | N2: 0.753 | O2: 0.7503 | P2: 16-9-21 | Q2: 17-2-27 | R2: 16-11-11 | S2: 159 | T2: 315 | U2: 16-12-10 | V2: 344 | W2: 16-10-5 | X2: 329.5
A3: 2 | B3: 2 | C3: 51.21 | D3: 64.48 | E3: 13.28 | F3: 0.6834 | G3: 55.55 | H3: 0.8186 | I3: 0.1352 | J3: 0.02027 | K3: 0.009149 | L3: 11.46 | M3: 1.206 | N3: 0.7394 | O3: 0.7244 | P3: 17-9-16 | Q3: 18-2-22 | R3: 17-11-7 | S3: 159 | T3: 310 | U3: 17-12-5 | V3: 338 | W3: 17-9-30 | X3: 324
A4: 3 | B4: 3 | C4: 81.2 | D4: 94.52 | E4: 13.32 | F4: 0.6526 | G4: 85.53 | H4: 0.78 | I4: 0.1274 | J4: 0.02111 | K4: 0.008523 | L4: 10.9 | M4: 1.108 | N4: 0.7003 | O4: 0.6898 | P4: 18-9-10 | Q4: 19-2-17 | R4: 18-11-1 | S4: 160 | T4: 304 | U4: 18-11-29 | V4: 332 | W4: 18-9-24 | X4: 318
A5: 4 | B5: 4 | C5: 111.2 | D5: 124.6 | E5: 13.32 | F5: 0.6376 | G5: 115.5 | H5: 0.7656 | I5: 0.1281 | J5: 0.02115 | K5: 0.007897 | L5: 10.7 | M5: 1.138 | N5: 0.6825 | O5: 0.6811 | P5: 19-9-5 | Q5: 20-2-13 | R5: 19-10-27 | S5: 160 | T5: 299 | U5: 19-11-24 | V5: 327 | W5: 19-9-19 | X5: 313
A6: 5 | B6: 5 | C6: 141.3 | D6: 154.6 | E6: 13.31 | F6: 0.6383 | G6: 145.5 | H6: 0.7689 | I6: 0.1306 | J6: 0.02154 | K6: 0.007755 | L6: 10.75 | M6: 1.18 | N6: 0.684 | O6: 0.6861 | P6: 20-9-1 | Q6: 21-2-7 | R6: 20-10-21 | S6: 160 | T6: 294 | U6: 20-11-20 | V6: 324 | W6: 20-9-16 | X6: 309
R7: =DATE(2001, 1, T7) -> 37195 | T7: =AVERAGE(T2:T6) -> 304.4 | U7: =DATE(2001, 1, V7) -> 37224 | V7: =AVERAGE(V2:V6) -> 333 | W7: =DATE(2001, 1, X7) -> 37209 | X7: =AVERAGE(X2:X6) -> 318.7
T8: =STDEV(T2:T6) -> 8.3845095 | V8: =STDEV(V2:V6) -> 8.1240384 | X8: =STDEV(X2:X6) -> 8.243179

Sheet diffs
A1: peak_date_diff | B1: length_days_diff | C1: phase_peak_diff | D1: season_half_date_diff | E1: phase_seas_diff | F1: season_ensemble_date_diff | G1: phase_ensemble_diff
C2: =sooretama_S1_RVI_seasonality_pr!T7-rio_doce_S1_RVI_seasonality_pro!T7 -> 17.2 | E2: =sooretama_S1_RVI_seasonality_pr!V7-rio_doce_S1_RVI_seasonality_pro!V7 -> 36.8 | G2: =sooretama_S1_RVI_seasonality_pr!X7-rio_doce_S1_RVI_seasonality_pro!X7 -> 27
C3: =AVERAGE(rio_doce_S1_RVI_seasonality_pro!T8,sooretama_S1_RVI_seasonality_pr!T8) -> 8.3062552 | E3: =AVERAGE(rio_doce_S1_RVI_seasonality_pro!V8,sooretama_S1_RVI_seasonality_pr!V8) -> 8.1760197 | G3: =AVERAGE(rio_doce_S1_RVI_seasonality_pro!X8,sooretama_S1_RVI_seasonality_pr!X8) -> 8.23559
